{
  "train_loss": [
    5.006883093964161,
    4.066112826574217,
    3.547674053040895,
    3.221986476545292,
    2.988591221985838,
    2.808188879017263,
    2.6513661093648837,
    2.5193962315630807,
    2.4154092911056484,
    2.3082597673201874,
    2.2275203248477715,
    2.161544142578142
  ],
  "val_loss": [
    4.462030410766602,
    3.886221945285797,
    3.574029341340065,
    3.3832989186048508,
    3.219428762793541,
    3.122044026851654,
    3.0673903673887253,
    3.018421471118927,
    2.9725362211465836,
    2.9462261646986008,
    2.917991042137146,
    2.9185134768486023
  ],
  "val_bleu": [
    2.6387792703888087,
    7.589399419409693,
    11.868371660307078,
    15.193758284302888,
    16.9976049091359,
    19.223377060955922,
    20.55756048748757,
    21.515410093448647,
    22.427639583465922,
    23.724073433592466,
    23.970425586890062,
    24.38516600596957
  ]
}