{
  "train_loss": [
<<<<<<< HEAD
    5.006883093964161,
    4.066112826574217,
    3.547674053040895,
    3.221986476545292,
    2.988591221985838,
    2.808188879017263,
    2.6513661093648837,
    2.5193962315630807,
    2.4154092911056484,
    2.3082597673201874,
    2.2275203248477715,
    2.161544142578142
  ],
  "val_loss": [
    4.462030410766602,
    3.886221945285797,
    3.574029341340065,
    3.3832989186048508,
    3.219428762793541,
    3.122044026851654,
    3.0673903673887253,
    3.018421471118927,
    2.9725362211465836,
    2.9462261646986008,
    2.917991042137146,
    2.9185134768486023
  ],
  "val_bleu": [
    2.6387792703888087,
    7.589399419409693,
    11.868371660307078,
    15.193758284302888,
    16.9976049091359,
    19.223377060955922,
    20.55756048748757,
    21.515410093448647,
    22.427639583465922,
    23.724073433592466,
    23.970425586890062,
    24.38516600596957
=======
    4.995699181955817,
    4.043666415802708,
    3.549704982845794,
    3.2354732189934685,
    2.997966256435747,
    2.814159718904201,
    2.668455722048419,
    2.5441129517450207,
    2.4304959235737504,
    2.337087679014332,
    2.2535197277951347,
    2.179554688772966
  ],
  "val_loss": [
    4.440952688455582,
    3.8636215776205063,
    3.580265372991562,
    3.3837741166353226,
    3.2585326731204987,
    3.1388489454984665,
    3.098075196146965,
    3.020070508122444,
    2.944548115134239,
    2.9347123503684998,
    2.9008642733097076,
    2.8766805231571198
  ],
  "val_bleu": [
    2.577271382784004,
    8.954491659373543,
    12.457267472277685,
    15.008422782275339,
    17.003800441127034,
    18.850549964599118,
    19.434366121604636,
    21.0263858239554,
    21.46995744359386,
    22.359768621459267,
    24.12991736386823,
    24.370974744848485
>>>>>>> cfb87ad84c2e40aeca0c45bfa235ea2a74417757
  ]
}