{
  "train_loss": [
    4.982632972070299,
    4.040594482211815,
    3.560222902487028,
    3.2376225897919237,
    3.0045021887917875,
    2.8144819111550956,
    2.678949225316489,
    2.5532177786469985,
    2.434381537500457,
    2.329275311352398,
    2.252378240293343,
    2.173163723578012
  ],
  "val_loss": [
    4.386998027563095,
    3.845761612057686,
    3.5632363110780716,
    3.3871560841798782,
    3.2826303988695145,
    3.1308375895023346,
    3.0177202373743057,
    2.972971647977829,
    2.946152985095978,
    2.9050893783569336,
    2.874015897512436,
    2.846071243286133
  ],
  "val_bleu": [
    2.7549199124105264,
    8.387013665888867,
    11.761395515540773,
    14.713380653254346,
    16.396163656999473,
    18.739993422786178,
    20.37178516434208,
    21.205396207832138,
    22.369784698198867,
    22.514768069010564,
    24.125603769961277,
    24.465986010787404
  ]
}