{
  "train_loss": [
    4.995699181955817,
    4.043666415802708,
    3.549704982845794,
    3.2354732189934685,
    2.997966256435747,
    2.814159718904201,
    2.668455722048419,
    2.5441129517450207,
    2.4304959235737504,
    2.337087679014332,
    2.2535197277951347,
    2.179554688772966
  ],
  "val_loss": [
    4.440952688455582,
    3.8636215776205063,
    3.580265372991562,
    3.3837741166353226,
    3.2585326731204987,
    3.1388489454984665,
    3.098075196146965,
    3.020070508122444,
    2.944548115134239,
    2.9347123503684998,
    2.9008642733097076,
    2.8766805231571198
  ],
  "val_bleu": [
    2.577271382784004,
    8.954491659373543,
    12.457267472277685,
    15.008422782275339,
    17.003800441127034,
    18.850549964599118,
    19.434366121604636,
    21.0263858239554,
    21.46995744359386,
    22.359768621459267,
    24.12991736386823,
    24.370974744848485
  ]
}